"Source:","C:\Users\Ben\Documents\GitHub\Cryo_Plunber_LED_Array\KiCAD\LED driver switch\LED driver switch.kicad_sch"
"Date:","10/7/2024 4:57:42 PM"
"Tool:","Eeschema 7.0.1"
"Generator:","C:\Program Files\KiCad\7.0\bin\scripting\plugins/bom_csv_grouped_by_value.py"
"Component Count:","46"

"Collated Components:"

"Item","Qty","Reference(s)","Value","LibPart","Footprint","Datasheet","DNP","Manufacturer","Part","Sim.Device","Sim.Enable","Sim.Pins"
"1","1","C1","2.2ÂµF","Device:C_Small","Capacitor_SMD:C_0603_1608Metric","https://mm.digikey.com/Volume0/opasdata/d220001/medias/docus/421/CL10A225KO8NNNC_Spec.pdf","","Samsung Electro-Mechanics","CL10A225KO8NNNC","","",""
"2","4","C2, C3, C5, C6","1nF","Device:C_Small","Capacitor_SMD:C_0603_1608Metric","https://search.kemet.com/download/datasheet/C0603C102K5RAC7867","","KEMET","C0603C102K5RAC7867","","",""
"3","1","C4","3mF","Custom:ALF20G223EH063","Custom footprints:ALF20G302KP400","https://mm.digikey.com/Volume0/opasdata/d220001/medias/docus/43/ALF20_ALF40_10-17-17.pdf","","KEMET","ALF20G302KP400","","",""
"4","1","D1","D","Device:D","Custom footprints:P26_DO-214AA_SMB","https://www.smc-diodes.com/propdf/SD560B%20N1412%20REV.D.pdf","","SMC Diode Solutions","SD560B","D","","1=K 2=A"
"5","1","D2","15V Zener","Device:D_Zener","Diode_SMD:D_SOD-123","https://www.mccsemi.com/pdf/Products/MMSZ5221-MMSZ5267(SOD-123).pdf","","Micro Commercial Co","MMSZ5245B-TP","","",""
"6","1","D3","TVS","Device:D_Schottky","Custom footprints:SMDJSeries_LTF","https://www.yageo.com/upload/media/product/products/datasheet/cpc/tvs/SMDJ_1.pdf","","YAGEO","SMDJ220CA/TR13","","",""
"7","3","F1, F2, F3","Fuse","Device:Fuse","Custom footprints:FUSE_OMF250_SCH","https://www.schurter.com/en/datasheet/typ_OMF_250.pdf","","SCHURTER Inc.","3403.0010.11","","",""
"8","2","H1, H3","Standoff","Mechanical:MountingHole","Custom footprints:8-32 Isolated Hole","https://www.keyelco.com/userAssets/file/M65p74.pdf","","Keystone Electronics","4830","","",""
"9","1","H2","Standoff","Mechanical:MountingHole_Pad","Custom footprints:8-32 Standoff","http://dpk3n3gg92jwt.cloudfront.net/domains/raf/pdf/RAF_catalog_0122.pdf","","RAF Electronic Hardware","4534-832-AL-7","","",""
"10","1","J1","USB Jack","Connector:USB_A",""," https://cdn.sparkfun.com/assets/1/2/6/b/c/ACCA-2516_Model_6in.pdf","","SparkFun Electronics","CAB-15463","","",""
"11","1","J2","3x Banana Jack","Connector:Conn_01x03_Socket","Connector_Wire:SolderWire-0.15sqmm_1x03_P4mm_D0.5mm_OD1.5mm","https://www.pomonaelectronics.com/file/17510/download?token=aeVH39Xd","","Pomona Electronics","4601-0","","",""
"12","1","J3","Conn_Coaxial","Connector:Conn_Coaxial","Connector_Wire:SolderWire-0.1sqmm_1x02_P3.6mm_D0.4mm_OD1mm","https://www.te.com/commerce/DocumentDelivery/DDEController?Action=srchrtrv&DocNm=conbnc004-ds&DocType=Data+Sheet&DocLang=English&DocFormat=pdf&PartCntxt=CONBNC004","","TE Connectivity Linx","CONBNC004","","",""
"13","1","J4","8P8C_Shielded","Connector:8P8C_Shielded","Custom footprints:BEL_SS71800-019F - HV Slot","https://www.belfuse.com/resources/drawings/stewartconnector/dr-stw-ss71800-018f-ss71800-019f.pdf","","Stewart Connector","SS71800-019F","","",""
"14","1","J5","Conn_01x04_Pin","Connector:Conn_01x04_Pin","Connector_PinHeader_2.54mm:PinHeader_1x04_P2.54mm_Vertical_SMD_Pin1Left","https://media.metz-connect.com/files/171/Data_sheet_PM202XXVBNN.PDF","","METZ CONNECT USA Inc.","PM20204VBNN","","",""
"15","1","J6","TTl-RS232","Connector:Conn_01x04_Pin","","https://www.amazon.com/HiLetgo-MAX3232-Converter-Module-Serial/dp/B00LPK0Z9A/","","Amazon","B00LPK0Z9A","","",""
"16","1","J7","Wires to LED","Device:R_Pack02","","https://www.jst-mfg.com/product/pdf/eng/eXH.pdf","","JST Sales America Inc.","SXH-001T-P0.6N","","",""
"17","1","J8","JST-XH Connector","Connector:Conn_01x02_Socket","","https://www.jst-mfg.com/product/pdf/eng/eXH.pdf","","JST Sales America Inc.","XHP-2","","",""
"18","1","LA1","E12 Socket","Device:R_Pack02","Connector_Wire:SolderWire-0.1sqmm_1x02_P3.6mm_D0.4mm_OD1mm","https://www.amazon.com/Ulikeled-Listed-Holder-Candelabra-Socket/dp/B0BFDQR4KC/ref=sr_1_8?crid=2DWPNPUZJPKJ&dib=eyJ2IjoiMSJ9.lxdk0NgUyc4Q4y-PEUBX-epJVlugxCVONeZgPK6XlsFPqrTc3hRfHMVMvvAYfepprkyz85KQRMukeeucTYz5QXbMwVNfDB4tSmvL1vyuFLLrVOmu5ULtgYkZI6uJVW3pAdXPTrsEzZe7RmRcXRULPUa-r4sXUe-wGH2rM2gO8Z8Dvh1FT7_QBzhBwZ_Pg3A_Kk_NiB1CM2lKCdPS_FaUUsA699wAKWzpZ8T-v8nCkpDRH1YP9aZMxl1CirDV8tLHDguBBMkUtVlrMOYZve_cm0MdjLjLBgobhuLBqBPk97I.LEGM4z7zaEsiKjAkv0EJXsXVgVDFb-y3Cq_rpROqlL8&dib_tag=se&keywords=candelabra+e12+socket&qid=1726271680&s=hi&sprefix=candelabra+e12+socket%2Ctools%2C137&sr=1-8#customerReviews","","Amazon","B0BFDQR4KC","","",""
"19","1","LA2","10W","Device:Lamp","","https://www.amazon.com/CEC-Industries-10S6-Bulbs-shape/dp/B00JXI3TSU/ref=sr_1_8?crid=RT5CUBQEP6GD&dib=eyJ2IjoiMSJ9.txlV4hYgIhUkyyrImcnv_u4jiOsMCDCrCMM-9qcqNFfWlJjMSNd0Oyf8z365QU9-ck3Xe01dWgGhKr22OgzRkO7qCSVVcantDhA6gDkknpOZZMkIdNrbWntBcjyubHpHODyTrAo7l4xPTspZECyJX-5zBDZC7SsO_--6ceGxh9irepBvCCiLKmeiVFKP-hAcnYDH2GjquX_fwP1ciEA6vFNGh9HFcnCIHLIBeKc79dk5YD2tXBdx_nxB-NlCy7kUmBZprSjYq0ZEpkV4yABGMGI65IlsC1bfLJ9vOPINC6s.J_mxMmnPD9cz1E-OXs--W5M2OOxe3HsT6-IUFoIWmgc&dib_tag=se&keywords=candelabra+S6+230V+incandescent+lamp&qid=1726271192&s=hi&sprefix=candelabra+s6+230v+incandescent+lamp%2Ctools%2C157&sr=1-8","","Amazon","B00JXI3TSU","","",""
"20","1","LS1","Speaker_Crystal","Device:Speaker_Crystal","Custom footprints:XDCR_SMT-0940-T-3V-R","https://mm.digikey.com/Volume0/opasdata/d220001/medias/docus/1294/SMT_09_Series_DS.pdf","","PUI Audio, Inc.","SMT-0940-T-3V-R","","",""
"21","1","MK1","Microphone","Device:Microphone_Condenser","","~","","Amazon","B08N4FNFTR","","",""
"22","1","N1","Housing_Pad","Mechanical:Housing_Pad","","https://www.budind.com/wp-content/uploads/2019/01/hb2100b-1.pdf","","Bud Industries","CU-3007-A","","",""
"23","1","N2","Bench Supply","Mechanical:Housing","","https://www.aliexpress.us/item/3256805746705663.html","","NICE-POWER","R-SPS2005-232","","",""
"24","1","Q1","PMOS","Device:Q_PMOS_GDS","Package_TO_SOT_SMD:TO-263-2","https://www.diodes.com/assets/Datasheets/DMP45H4D9HK3.pdf","","Diodes Incorporated","DMP45H4D9HK3-13","","",""
"25","1","Q2","TN2124","Device:Q_NMOS_GSD","Package_TO_SOT_SMD:SOT-23-3","https://ww1.microchip.com/downloads/en/DeviceDoc/TN2124-N-Channel-Enhancement-Mode-Vertical-DMOS-FET-Data-Sheet-20005698A.pdf","","Microchip Technology","TN2124K1-G","","",""
"26","1","R1","1M","Device:R","Resistor_SMD:R_1206_3216Metric","https://www.seielect.com/catalog/sei-rncf.pdf","","Stackpole Electronics Inc","RNCF1206BKE1M00","","",""
"27","2","R2, R4","100k","Device:R","Resistor_SMD:R_1206_3216Metric","https://www.bourns.com/docs/Product-Datasheets/CMP.pdf","","Bourns Inc.","CMP1206-FX-1003ELF","","",""
"28","2","R3, R9","20k","Device:R","Resistor_SMD:R_0603_1608Metric","https://industrial.panasonic.com/cdbs/www-data/pdf/RDM0000/AOA0000C307.pdf","","Panasonic Electronic Components","ERA-3AEB203V","","",""
"29","1","R5","1","Device:R","Package_TO_SOT_THT:TO-126-2_Vertical","https://www.caddock.com/online_catalog/mrktg_lit/MP9000_Series.pdf","","Caddock Electronics Inc.","MP915-1.00-1%","","",""
"30","3","R6, R7, R8","10","Device:R","Package_TO_SOT_THT:TO-247-2_Vertical","https://riedon.com/media/pdf/PF2470.pdf","","Riedon products by Bourns","PF2472-10RF1","","",""
"31","1","RN1","R_Pack08","Device:R_Pack08","Resistor_SMD:R_Array_Convex_8x0602","https://www.digikey.com/en/models/4083443","","Rohm Semiconductor","MNR18ERAPJ620","","",""
"32","1","RN3","Jumper wire","Device:R_Pack04","","https://mm.digikey.com/Volume0/opasdata/d220001/medias/docus/692/PRT-10364_Web.pdf","","SparkFun Electronics","1568-1926-ND","","",""
"33","1","SW1","SW_Push_LED","Custom:SW_Push_2x_LED_common_cathode","Connector_Wire:SolderWire-0.1sqmm_1x05_P3.6mm_D0.4mm_OD1mm","https://configured-product-images.s3.amazonaws.com/Datasheets/PV6.pdf","","E-Switch","PV6FW40SS3G1","","",""
"34","1","SW3","Door interlock","Switch:SW_Reed","","https://comus-intl.com/wp-content/uploads/2019/03/RI-02SMDM.pdf","","Comus International","RI-02SMDM-1520-G1","","",""
"35","1","U1","Itsy_Bitsy_32u4","custom:Itsy_Bitsy_32u4","Custom footprints:Itsy Bitsy 32u4","https://cdn-learn.adafruit.com/downloads/pdf/introducting-itsy-bitsy-32u4.pdf","","Adafruit, Samtec, Sullins","1x Itsy Bitsy - 3677, 1x SSW-105-01-T-S, 2x SSW-114-01-T-S, 1x PRPC040SAAN-RC","","",""
"36","1","U2","4.096V","Custom:Vref","Package_TO_SOT_SMD:SOT-23-6","https://ww1.microchip.com/downloads/aemDocuments/documents/MSLD/ProductDocuments/DataSheets/MCP1501-Data-Sheet-DS20005474F.pdf","","Microchip Technology","MCP1501T-40E/CHY","","",""
